<?xml version="1.0" encoding="UTF-8"?>
<project-private xmlns="http://www.netbeans.org/ns/project-private/1">
    <editor-bookmarks xmlns="http://www.netbeans.org/ns/editor-bookmarks/2" lastBookmarkId="0"/>
    <open-files xmlns="http://www.netbeans.org/ns/projectui-open-files/2">
        <group>
            <file>file:/C:/Users/User/Downloads/DSA_Assignment-main/DSA_Assignment-main/DSA%20Assignment/src/controller/ApplicantManager.java</file>
            <file>file:/C:/Users/User/Downloads/DSA_Assignment-main/DSA_Assignment-main/DSA%20Assignment/src/controller/JobPostManager.java</file>
            <file>file:/C:/Users/User/Downloads/DSA_Assignment-main/DSA_Assignment-main/DSA%20Assignment/src/entities/TimeSlot.java</file>
            <file>file:/C:/Users/User/Downloads/DSA_Assignment-main/DSA_Assignment-main/DSA%20Assignment/src/entities/JobPost.java</file>
            <file>file:/C:/Users/User/Downloads/DSA_Assignment-main/DSA_Assignment-main/DSA%20Assignment/src/entities/Interview.java</file>
            <file>file:/C:/Users/User/Downloads/DSA_Assignment-main/DSA_Assignment-main/DSA%20Assignment/src/dao/MockDataGenerator.java</file>
            <file>file:/C:/Users/User/Downloads/DSA_Assignment-main/DSA_Assignment-main/DSA%20Assignment/src/controller/ApplicantAppliedJobManager.java</file>
            <file>file:/C:/Users/User/Downloads/DSA_Assignment-main/DSA_Assignment-main/DSA%20Assignment/src/controller/InterviewManager.java</file>
            <file>file:/C:/Users/User/Downloads/DSA_Assignment-main/DSA_Assignment-main/DSA%20Assignment/src/entities/Job.java</file>
            <file>file:/C:/Users/User/Downloads/DSA_Assignment-main/DSA_Assignment-main/DSA%20Assignment/src/modules/MainSystem.java</file>
        </group>
    </open-files>
</project-private>
